firstName,lastName,gender,dateOfBirth,companyName,email,department,position,employmentDate,dependents,mobile,street,postalCode,city,province,policyNumber,employeeNumber
name1,lastname1,female1,2/1/2000,Figma,email1@test1.com1,department1,dev1,2/1/2015,3,(403) 998-4321,500 Test steet 112 Rd NW,T3G 4J9,Calgary,AB,P121,E221
name2,lastname2,female2,2/2/2000,Figma,email1@test1.com2,department2,dev2,2/2/2015,4,(403) 998-4322,501 Test steet 112 Rd NW,T3G 4J10,Calgary,AB,P122,E222
name3,lastname3,female3,2/3/2000,Figma,email1@test1.com3,department3,dev3,2/3/2015,5,(403) 998-4323,502 Test steet 112 Rd NW,T3G 4J11,Calgary,AB,P123,E223
name4,lastname4,female4,2/4/2000,Figma,email1@test1.com4,department4,dev4,2/4/2015,6,(403) 998-4324,503 Test steet 112 Rd NW,T3G 4J12,Calgary,AB,P124,E224
name5,lastname5,female5,2/5/2000,Figma,email1@test1.com5,department5,dev5,2/5/2015,7,(403) 998-4325,504 Test steet 112 Rd NW,T3G 4J13,Calgary,AB,P125,E225
name6,lastname6,female6,2/6/2000,Figma,email1@test1.com6,department6,dev6,2/6/2015,8,(403) 998-4326,505 Test steet 112 Rd NW,T3G 4J14,Calgary,AB,P126,E226
name7,lastname7,female7,2/7/2000,Figma,email1@test1.com7,department7,dev7,2/7/2015,9,(403) 998-4327,506 Test steet 112 Rd NW,T3G 4J15,Calgary,AB,P127,E227
name8,lastname8,female8,2/8/2000,West Jet,email1@test1.com8,department8,dev8,2/8/2015,10,(403) 998-4328,507 Test steet 112 Rd NW,T3G 4J16,Calgary,AB,P128,E228
name9,lastname9,female9,2/9/2000,West Jet,email1@test1.com9,department9,dev9,2/9/2015,11,(403) 998-4329,508 Test steet 112 Rd NW,T3G 4J17,Calgary,AB,P129,E229
name10,lastname10,female10,2/10/2000,West Jet,email1@test1.com10,department10,dev10,2/10/2015,12,(403) 998-4330,509 Test steet 112 Rd NW,T3G 4J18,Calgary,AB,P130,E230
name11,lastname11,female11,2/11/2000,West Jet,email1@test1.com11,department11,dev11,2/11/2015,13,(403) 998-4331,510 Test steet 112 Rd NW,T3G 4J19,Calgary,AB,P131,E231
name12,lastname12,female12,2/12/2000,West Jet,email1@test1.com12,department12,dev12,2/12/2015,14,(403) 998-4332,511 Test steet 112 Rd NW,T3G 4J20,Calgary,AB,P132,E232
name13,lastname13,female13,2/13/2000,Amazon,email1@test1.com13,department13,dev13,2/13/2015,15,(403) 998-4333,512 Test steet 112 Rd NW,T3G 4J21,Calgary,AB,P133,E233
name14,lastname14,female14,2/14/2000,Amazon,email1@test1.com14,department14,dev14,2/14/2015,16,(403) 998-4334,513 Test steet 112 Rd NW,T3G 4J22,Calgary,AB,P134,E234
name15,lastname15,female15,2/15/2000,Amazon,email1@test1.com15,department15,dev15,2/15/2015,17,(403) 998-4335,514 Test steet 112 Rd NW,T3G 4J23,Calgary,AB,P135,E235
name16,lastname16,female16,2/16/2000,Amazon,email1@test1.com16,department16,dev16,2/16/2015,18,(403) 998-4336,515 Test steet 112 Rd NW,T3G 4J24,Calgary,AB,P136,E236
name17,lastname17,female17,2/17/2000,Amazon,email1@test1.com17,department17,dev17,2/17/2015,19,(403) 998-4337,516 Test steet 112 Rd NW,T3G 4J25,Calgary,AB,P137,E237
name18,lastname18,female18,2/18/2000,Amazon,email1@test1.com18,department18,dev18,2/18/2015,20,(403) 998-4338,517 Test steet 112 Rd NW,T3G 4J26,Calgary,AB,P138,E238
name19,lastname19,female19,2/19/2000,Amazon,email1@test1.com19,department19,dev19,2/19/2015,21,(403) 998-4339,518 Test steet 112 Rd NW,T3G 4J27,Calgary,AB,P139,E239
name20,lastname20,female20,2/20/2000,Amazon,email1@test1.com20,department20,dev20,2/20/2015,22,(403) 998-4340,519 Test steet 112 Rd NW,T3G 4J28,Calgary,AB,P140,E240