firstName,lastName,gender,dateOfBirth,email
name1,lastname1,female,1970-01-01,myemail@test1
name2,lastname2,female,1970-01-02,myemail@test2
name3,lastname3,female,1970-01-03,myemail@test3
name4,lastname4,female,1970-01-04,myemail@test4
name5,lastname5,female,1970-01-05,myemail@test5
name6,lastname6,female,1970-01-06,myemail@test6
name7,lastname7,female,1970-01-07,myemail@test7
name8,lastname8,female,1970-01-08,myemail@test8
name9,lastname9,female,1970-01-09,myemail@test9
name10,lastname10,female,1970-01-10,myemail@test1
