firstName,lastName,gender,dateOfBirth,email,department,position,employmentDate,dependents,mobile,street,postalCode,city,province,policyNumber,employeeNumber
name1,lastname1,female1,1-Feb-79,email1@test.com,department1,dev1,1-Feb-15,3,(403) 998-4321,500 Test steet 112 Rd NW,T3G 4J9,Calgary,AB,P121,E221
name2,lastname2,female2,2-Feb-79,email1@test.com,department2,dev2,2-Feb-15,4,(403) 998-4322,501 Test steet 112 Rd NW,T3G 4J10,Calgary,AB,P122,E222
name3,lastname3,female3,3-Feb-79,email1@test.com,department3,dev3,3-Feb-15,5,(403) 998-4323,502 Test steet 112 Rd NW,T3G 4J11,Calgary,AB,P123,E223
name4,lastname4,female4,4-Feb-79,email1@test.com,department4,dev4,4-Feb-15,6,(403) 998-4324,503 Test steet 112 Rd NW,T3G 4J12,Calgary,AB,P124,E224
name5,lastname5,female5,5-Feb-79,email1@test.com,department5,dev5,5-Feb-15,7,(403) 998-4325,504 Test steet 112 Rd NW,T3G 4J13,Calgary,AB,P125,E225
name6,lastname6,female6,6-Feb-79,email1@test.com,department6,dev6,6-Feb-15,8,(403) 998-4326,505 Test steet 112 Rd NW,T3G 4J14,Calgary,AB,P126,E226
name7,lastname7,female7,7-Feb-79,email1@test.com,department7,dev7,7-Feb-15,9,(403) 998-4327,506 Test steet 112 Rd NW,T3G 4J15,Calgary,AB,P127,E227
name8,lastname8,female8,8-Feb-79,email1@test.com,department8,dev8,8-Feb-15,10,(403) 998-4328,507 Test steet 112 Rd NW,T3G 4J16,Calgary,AB,P128,E228
name9,lastname9,female9,9-Feb-79,email1@test.com,department9,dev9,9-Feb-15,11,(403) 998-4329,508 Test steet 112 Rd NW,T3G 4J17,Calgary,AB,P129,E229
name10,lastname10,female10,10-Feb-79,email1@test.com,department10,dev10,10-Feb-15,12,(403) 998-4330,509 Test steet 112 Rd NW,T3G 4J18,Calgary,AB,P130,E230
